{
  "episode_rewards": [
    0.8218032626333116,
    0.9077928947730711,
    1.6110879819815738,
    0.8318548333951464,
    1.8295317101115156,
    1.1118567270260875,
    0.8018803936829957,
    0.2772175149690237,
    0.8635108040989113,
    -0.5850917254935863,
    -0.38638128273469796,
    1.4181198331658622,
    0.40855523244210606,
    0.5397638004629509,
    -0.02059579324738134,
    -0.4671139623796733,
    0.7708711680148739,
    1.2311028292007187,
    2.0181185712326704,
    1.0198554076822404,
    1.4202484457855264,
    -0.12590694157715226,
    0.21808359629875976,
    1.4562709828647522,
    0.7733448947002401,
    1.0326271729977055,
    0.6277646953880639,
    2.3630959669973755,
    1.542363088049665,
    0.43944621305788867
  ],
  "electricity_costs": [
    16.76518944144249,
    12.709248046875002,
    23.99352609932422,
    2.1002352595329286,
    17.85897740840912,
    8.584736703634261,
    10.17692644059658,
    6.621705670356751,
    5.134618659019471,
    9.852383246421814,
    7.256612920761109,
    20.93790649957955,
    10.22015315055847,
    12.761439893245697,
    7.766875715255738,
    9.845908092856407,
    12.138855665326119,
    10.663328138589858,
    10.315836677253246,
    12.414712256193162,
    7.242019844055177,
    8.62742527961731,
    5.827465897798538,
    2.578173655569553,
    7.849310698509216,
    9.611670416123236,
    21.794164700508123,
    4.881221417170017,
    7.996129543781281,
    8.183458447456362
  ],
  "peak_demands": [
    80.6502394440657,
    81.26256645168097,
    86.768977872137,
    80.0,
    94.91841062342077,
    81.0042983288308,
    80.0,
    80.48066442512375,
    80.70899263891629,
    86.3520697127403,
    80.0,
    82.72025644327367,
    91.43575651014686,
    82.64131331106023,
    81.23833223395468,
    86.97744353971295,
    80.0,
    81.17382008875124,
    86.75497146408645,
    80.34533165472364,
    86.55421719799656,
    83.42315972296707,
    87.47954731805598,
    80.0,
    82.87554387983681,
    81.77942115940547,
    87.11947128312744,
    89.47142735925702,
    85.31145316188804,
    81.17100163565463
  ],
  "renewable_utils": [
    0.019013450383534167,
    0.02183421677996432,
    0.04309692259423864,
    0.02567360515804634,
    0.05460790366287419,
    0.026900987487950185,
    0.020392861140039895,
    0.042008427292503224,
    0.05932948667073764,
    0.043615289344740314,
    0.030639155766855764,
    0.018331047891597195,
    0.029584151583232524,
    0.04561546307970493,
    0.04016217179440982,
    0.04331784456202933,
    0.022084202432500782,
    0.03314580340796535,
    0.05791732342408509,
    0.025576118508507783,
    0.03134866653799539,
    0.028352637837089235,
    0.029584151583232524,
    0.03547328371712637,
    0.044600206020969944,
    0.02019833565686451,
    0.05370668452614991,
    0.05532697597433187,
    0.03919008184057408,
    0.04439772951864218
  ],
  "battery_degradations": [
    0.000687904674699643,
    0.0003460065239040582,
    0.001034304034988712,
    0.00032833858795020806,
    0.0006808131171299273,
    0.0004689350306706724,
    0.0006147553594955415,
    0.00024820702798951936,
    0.00037972988660302053,
    0.0007920324643780021,
    0.0002699103615014219,
    0.0009105075806345903,
    0.000730378185716751,
    0.0014290818234857087,
    0.0007093441643614626,
    0.0006698989355936645,
    0.0006858891299035088,
    0.001069045550316135,
    0.00028819618940498795,
    0.0006684652207453173,
    0.00016807113974682481,
    0.0005452907840824789,
    0.00046195299195460397,
    0.00019599657144157143,
    0.0009265310328560503,
    0.0002497865794086652,
    0.00042447168881982263,
    0.000535064145059798,
    0.0008179681250589181,
    0.0004882936031952591
  ],
  "charging_satisfactions": [
    -0.006542791085851781,
    -0.012753865020293687,
    -0.005812305117742279,
    -0.030469783205314727,
    -0.005166923117213812,
    -0.033153468111803794,
    -0.0021164194712510113,
    -0.012966125171813718,
    -0.0035029357695961372,
    -0.008492908810521917,
    -0.030133763351885445,
    -0.006110182937463106,
    -0.004541179889938585,
    -0.002594491959317205,
    -0.005747953507015431,
    -0.0037884085022754145,
    -0.0129322710143674,
    -0.004031316409291052,
    -0.005927502451615221,
    -0.011080583697282015,
    -0.03114503355760409,
    -0.006659124806927638,
    -0.0024466148090052067,
    -0.010611259563314003,
    -0.0033210312574746305,
    -0.007643704762709845,
    -0.009533622368882921,
    -0.002481069976754754,
    -0.00896323658301431,
    -0.005276377501301802
  ],
  "critic_losses": [
    0.0,
    0.0,
    0.0,
    0.0,
    0.00612214871770924,
    0.004476481340437506,
    0.003188388431832815,
    0.0028804394435913614,
    0.00313022083719261,
    0.0026663034077500924,
    0.0022646626360559217,
    0.002456797257764265,
    0.00221180267787228,
    0.0022470855231707296,
    0.002163645733768741,
    0.002176144781212012,
    0.0023669608829853437,
    0.0028662639670073986,
    0.0026974720822181553,
    0.003014420906159406,
    0.0032235939045979953,
    0.003229670546716079,
    0.003111673538417866,
    0.003334639399933318,
    0.0036369931670681885,
    0.0037673425395041704,
    0.003178789590795835,
    0.0034215964551549405,
    0.003364982364776855,
    0.003425439130902911
  ],
  "actor_losses": [
    0.0,
    0.0,
    0.0,
    0.0,
    -0.04600076803139278,
    -0.06654505773137014,
    -0.09789559462418158,
    -0.08173256848628323,
    -0.07269504930203159,
    -0.10037217785914739,
    -0.10977931196490924,
    -0.11081585536400478,
    -0.11926929652690887,
    -0.1309785951549808,
    -0.1378659981613358,
    -0.14248077695568404,
    -0.13608471862971783,
    -0.14809135378648838,
    -0.17818008363246918,
    -0.23275228217244148,
    -0.1791184519728025,
    -0.20528466627001762,
    -0.20163516203562418,
    -0.21306105454762778,
    -0.24373620189726353,
    -0.2417800643791755,
    -0.2710240948945284,
    -0.28343577807148296,
    -0.2931761263559262,
    -0.29153345711529255
  ],
  "eval_rewards": [
    0.491425547000828,
    -0.1832735951682074,
    1.3158251882004874
  ],
  "eval_episodes": [
    10,
    20,
    30
  ]
}