{
  "checkpoint": "checkpoints\\quick_test\\best",
  "num_episodes": 5,
  "device": "cpu",
  "summary": {
    "ddpg": {
      "episode_reward_mean": 0.3132927484647409,
      "episode_reward_std": 0.4245428669217651,
      "episode_reward_min": -0.0513209137638474,
      "episode_reward_max": 0.935455161753314,
      "electricity_cost_usd_mean": 11.774808488667011,
      "electricity_cost_usd_std": 4.194371870531041,
      "electricity_cost_usd_min": 6.734255695044995,
      "electricity_cost_usd_max": 16.234938480854034,
      "peak_demand_kw_mean": 82.81794303688234,
      "peak_demand_kw_std": 1.783193085025126,
      "peak_demand_kw_min": 80.18257709431786,
      "peak_demand_kw_max": 84.7697743785361,
      "renewable_utilization_mean": 0.02303668397621747,
      "renewable_utilization_std": 0.009792895029720715,
      "renewable_utilization_min": 0.010345002691360685,
      "renewable_utilization_max": 0.03568412219903358,
      "charging_satisfaction_mean": -0.01660782901038923,
      "charging_satisfaction_std": 0.007411678748356479,
      "charging_satisfaction_min": -0.025496423194830208,
      "charging_satisfaction_max": -0.005024576302793678,
      "battery_degradation_mean": 0.0002902115233390249,
      "battery_degradation_std": 0.00012304374791022389,
      "battery_degradation_min": 0.00011641283788298559,
      "battery_degradation_max": 0.00044455505772585834,
      "mean_net_power_kw_mean": 68.9750040790748,
      "mean_net_power_kw_std": 0.9313602596648306,
      "mean_net_power_kw_min": 67.65875379190099,
      "mean_net_power_kw_max": 69.78684506779823
    },
    "random": {
      "episode_reward_mean": 0.7404653284037959,
      "episode_reward_std": 0.5729472943715654,
      "episode_reward_min": 0.10369880758680702,
      "episode_reward_max": 1.6744583810724232,
      "electricity_cost_usd_mean": 49.31984843182564,
      "electricity_cost_usd_std": 15.898056122589026,
      "electricity_cost_usd_min": 28.600629236698154,
      "electricity_cost_usd_max": 67.16930568814279,
      "peak_demand_kw_mean": 115.59843379800729,
      "peak_demand_kw_std": 51.08417503618469,
      "peak_demand_kw_min": 90.05217938122212,
      "peak_demand_kw_max": 206.65200330777793,
      "renewable_utilization_mean": 0.02311038027595876,
      "renewable_utilization_std": 0.006137253193485678,
      "renewable_utilization_min": 0.014170111199056873,
      "renewable_utilization_max": 0.030864759567465427,
      "charging_satisfaction_mean": -0.01861179324910898,
      "charging_satisfaction_std": 0.00938659955771143,
      "charging_satisfaction_min": -0.030664526896090366,
      "charging_satisfaction_max": -0.005567758365178352,
      "battery_degradation_mean": 0.00073014930136409,
      "battery_degradation_std": 0.0002844187550743977,
      "battery_degradation_min": 0.00032259464676292696,
      "battery_degradation_max": 0.0010298295504616072,
      "mean_net_power_kw_mean": 75.58544060269683,
      "mean_net_power_kw_std": 5.679336893119277,
      "mean_net_power_kw_min": 69.14454098547202,
      "mean_net_power_kw_max": 84.57099177499627
    }
  },
  "reductions_vs_random": {
    "electricity_cost_reduction_pct": 76.1256190700926,
    "peak_demand_reduction_pct": 28.357210114459203,
    "reward_improvement_pct": -57.68974772389426,
    "renewable_utilization_gain": -7.369629974128891e-05,
    "charging_satisfaction_gain": 0.0020039642387197527,
    "battery_degradation_delta": -0.00043993777802506505,
    "ddpg_mean_reward": 0.3132927484647409,
    "baseline_mean_reward": 0.7404653284037959
  }
}