,episode_reward,episode_reward,episode_reward,episode_reward,electricity_cost_usd,electricity_cost_usd,electricity_cost_usd,electricity_cost_usd,peak_demand_kw,peak_demand_kw,peak_demand_kw,peak_demand_kw,renewable_utilization,renewable_utilization,renewable_utilization,renewable_utilization,charging_satisfaction,charging_satisfaction,charging_satisfaction,charging_satisfaction,battery_degradation,battery_degradation,battery_degradation,battery_degradation,mean_net_power_kw,mean_net_power_kw,mean_net_power_kw,mean_net_power_kw
,mean,std,min,max,mean,std,min,max,mean,std,min,max,mean,std,min,max,mean,std,min,max,mean,std,min,max,mean,std,min,max
policy,,,,,,,,,,,,,,,,,,,,,,,,,,,,
ddpg,0.3132927484647409,0.4245428669217651,-0.0513209137638474,0.935455161753314,11.774808488667011,4.194371870531041,6.734255695044995,16.234938480854034,82.81794303688234,1.783193085025126,80.18257709431786,84.7697743785361,0.02303668397621747,0.009792895029720715,0.010345002691360685,0.03568412219903358,-0.01660782901038923,0.007411678748356479,-0.025496423194830208,-0.005024576302793678,0.0002902115233390249,0.00012304374791022389,0.00011641283788298559,0.00044455505772585834,68.9750040790748,0.9313602596648306,67.65875379190099,69.78684506779823
random,0.7404653284037959,0.5729472943715654,0.10369880758680702,1.6744583810724232,49.31984843182564,15.898056122589026,28.600629236698154,67.16930568814279,115.59843379800729,51.08417503618469,90.05217938122212,206.65200330777793,0.02311038027595876,0.006137253193485678,0.014170111199056873,0.030864759567465427,-0.01861179324910898,0.00938659955771143,-0.030664526896090366,-0.005567758365178352,0.00073014930136409,0.0002844187550743977,0.00032259464676292696,0.0010298295504616072,75.58544060269683,5.679336893119277,69.14454098547202,84.57099177499627
